id,sex,weight,height,BMI
1,M,190,77,22.53085970162495
2,F,120,70,17.218320150926015
3,F,110,68,16.725552482246837
4,M,150,72,20.34379068758138
5,O,120,66,19.368633778589874
6,M,120,60,23.436046872093744
7,F,140,70,20.08804017608035
